epoch,time,train/box_loss,train/seg_loss,train/cls_loss,train/dfl_loss,train/sem_loss,metrics/precision(B),metrics/recall(B),metrics/mAP50(B),metrics/mAP50-95(B),metrics/precision(M),metrics/recall(M),metrics/mAP50(M),metrics/mAP50-95(M),val/box_loss,val/seg_loss,val/cls_loss,val/dfl_loss,val/sem_loss,lr/pg0,lr/pg1,lr/pg2
1,21.8885,2.92252,4.22963,6.86571,0.0089,14.7046,8e-05,0.02579,2e-05,1e-05,0.00037,0.08532,0.00033,0.0001,2.54171,3.21935,4.93058,0.00761,0,0.0002375,0.0002375,0.0002375
2,32.6481,2.39326,3.23139,5.7009,0.00654,12.3229,0.00973,0.05622,0.00448,0.00165,0.01105,0.19058,0.00684,0.00238,2.27471,3.52289,4.74777,0.00648,0,0.000487447,0.000487447,0.000487447
3,42.2773,2.26124,3.02101,4.85574,0.00645,9.18908,0.00191,0.06306,0.0121,0.00483,0.00356,0.2156,0.01987,0.00912,2.16127,3.55831,4.30574,0.00591,0,0.00073718,0.00073718,0.00073718
4,51.5193,2.25021,2.892,4.57203,0.00613,6.68117,0.00741,0.36207,0.10011,0.03803,0.00742,0.37738,0.08023,0.0323,2.11195,3.14608,3.93932,0.00567,0,0.000986535,0.000986535,0.000986535
5,61.6248,2.22234,2.86729,4.32384,0.00602,4.76792,0.76739,0.03746,0.11257,0.05105,0.76064,0.036,0.12074,0.04726,2.19564,3.00766,3.71172,0.00602,0,0.00123535,0.00123535,0.00123535
6,71.1765,2.26542,2.97635,3.95125,0.00583,3.90306,0.71636,0.13335,0.15303,0.06902,0.68474,0.12438,0.12925,0.05827,2.23358,2.88689,2.97854,0.0061,0,0.00124661,0.00124661,0.00124661
7,80.693,2.34573,2.91204,3.77271,0.00609,3.58314,0.53024,0.1878,0.16096,0.07136,0.50971,0.16165,0.12608,0.05362,2.22988,2.73416,2.61834,0.00658,0,0.00124512,0.00124512,0.00124512
8,90.3979,2.28196,2.75006,3.52135,0.00625,3.38963,0.52806,0.19095,0.16345,0.07168,0.53824,0.19549,0.17143,0.07502,2.27422,2.6905,2.47025,0.00649,0,0.00124336,0.00124336,0.00124336
9,100.472,2.19399,2.66052,3.36846,0.00551,3.12914,0.69635,0.21966,0.18974,0.07564,0.67501,0.18898,0.15383,0.06279,2.41702,3.20902,2.44556,0.00734,0,0.00124134,0.00124134,0.00124134
10,109.997,2.28384,2.78744,3.31667,0.0066,2.67335,0.21787,0.24423,0.1937,0.08439,0.28508,0.26378,0.21916,0.09786,2.335,2.99768,2.34779,0.00684,0,0.00123904,0.00123904,0.00123904
11,120.146,2.23494,2.76635,3.0982,0.00576,2.38008,0.33712,0.30868,0.22042,0.10505,0.28559,0.30413,0.19785,0.0859,2.18291,2.80766,2.14791,0.00607,0,0.00123648,0.00123648,0.00123648
12,129.806,2.20972,2.57467,3.03748,0.00577,2.13824,0.72127,0.22532,0.22111,0.09435,0.69975,0.20937,0.17765,0.07893,2.1844,2.89184,2.23314,0.00606,0,0.00123365,0.00123365,0.00123365
13,139.449,2.15887,2.54244,2.77053,0.00561,2.00947,0.28939,0.26292,0.25057,0.1195,0.26555,0.24396,0.22239,0.09138,2.16307,2.69725,2.1089,0.00603,0,0.00123056,0.00123056,0.00123056
14,149.311,2.21673,2.64319,2.72304,0.00582,1.80022,0.63616,0.29722,0.28642,0.14071,0.70798,0.24111,0.24721,0.11185,2.11597,2.78895,2.03289,0.00612,0,0.00122721,0.00122721,0.00122721
15,158.776,2.18485,2.50536,2.60666,0.00564,1.52331,0.37072,0.28214,0.26968,0.09907,0.3064,0.22614,0.15374,0.06331,2.23273,2.66185,2.11006,0.00619,0,0.00122359,0.00122359,0.00122359
16,168.509,2.19516,2.55314,2.72681,0.00568,1.46887,0.53339,0.25132,0.25292,0.114,0.49961,0.24167,0.20593,0.08066,2.23059,2.8562,2.22528,0.00639,0,0.00121972,0.00121972,0.00121972
17,178.114,2.22799,2.52305,2.58671,0.00576,1.41846,0.58802,0.22013,0.24605,0.11224,0.37118,0.25793,0.23324,0.09441,2.153,2.57583,2.30705,0.00613,0,0.00121558,0.00121558,0.00121558
18,188.266,2.14696,2.58318,2.54736,0.00586,1.30565,0.5738,0.2558,0.26161,0.13475,0.50342,0.286,0.26331,0.121,2.12383,2.58672,2.14271,0.00592,0,0.00121119,0.00121119,0.00121119
19,198.233,2.09719,2.39617,2.4045,0.00565,1.27647,0.56128,0.2281,0.23199,0.116,0.56393,0.27659,0.24643,0.10762,2.2314,2.79474,2.38776,0.00633,0,0.00120655,0.00120655,0.00120655
20,207.948,2.15709,2.48925,2.40255,0.00574,1.29833,0.30069,0.31064,0.28482,0.13014,0.43314,0.32141,0.30603,0.12483,2.28587,2.67849,2.07296,0.00674,0,0.00120165,0.00120165,0.00120165
21,217.961,2.08839,2.47208,2.26687,0.0053,1.23347,0.38618,0.32721,0.29933,0.13227,0.4981,0.32643,0.3278,0.13431,2.20818,2.44493,1.89765,0.00628,0,0.00119651,0.00119651,0.00119651
22,233.104,2.14522,2.3485,2.17939,0.00517,1.25465,0.64304,0.28438,0.3109,0.14232,0.58553,0.25018,0.2623,0.12836,2.14226,2.58257,1.96049,0.00587,0,0.00119111,0.00119111,0.00119111
23,251.249,2.08403,2.48437,2.2234,0.00565,1.24907,0.44347,0.32628,0.31858,0.1575,0.50986,0.33886,0.29622,0.12493,2.14016,2.72484,1.91276,0.00583,0,0.00118547,0.00118547,0.00118547
24,270.858,2.161,2.68521,2.32117,0.00556,1.21659,0.33667,0.35643,0.30321,0.14623,0.33047,0.35262,0.29377,0.12534,2.11392,2.58156,1.95311,0.0057,0,0.00117959,0.00117959,0.00117959
25,281.967,2.06527,2.35174,2.13801,0.00512,1.17729,0.6111,0.29448,0.32713,0.15215,0.61147,0.23773,0.26539,0.10857,2.12949,2.52216,1.86814,0.00594,0,0.00117346,0.00117346,0.00117346
26,292.758,2.06799,2.32485,2.04968,0.00525,1.15367,0.52932,0.33322,0.33732,0.16193,0.47895,0.32836,0.27497,0.10833,2.13421,2.66055,1.84414,0.00603,0,0.0011671,0.0011671,0.0011671
27,303.9,2.15918,2.39174,2.17613,0.00551,1.10788,0.42635,0.32586,0.33294,0.15712,0.45249,0.32992,0.31642,0.12375,2.09084,2.50701,1.85722,0.0058,0,0.00116051,0.00116051,0.00116051
28,315.05,2.08788,2.32237,2.01547,0.00539,1.12023,0.61873,0.28365,0.31676,0.14735,0.26028,0.30592,0.25416,0.10176,2.26039,2.58901,1.97984,0.00645,0,0.00115368,0.00115368,0.00115368
29,325.584,2.01097,2.31091,2.01128,0.0054,1.08746,0.67277,0.33506,0.34597,0.16576,0.64655,0.29155,0.3034,0.15436,2.16119,2.55122,1.77424,0.00605,0,0.00114662,0.00114662,0.00114662
30,335.634,2.04966,2.32894,1.96576,0.00529,1.15103,0.41012,0.36663,0.33735,0.16181,0.44902,0.37512,0.33449,0.15026,2.16575,2.39682,1.78582,0.0063,0,0.00113934,0.00113934,0.00113934
31,345.672,2.08619,2.42225,1.97866,0.00573,1.20663,0.38537,0.41247,0.35768,0.17319,0.36537,0.4187,0.36248,0.16218,2.12896,2.36939,1.78327,0.00569,0,0.00113183,0.00113183,0.00113183
32,356.072,2.05033,2.26272,1.88295,0.00503,1.08203,0.43391,0.40561,0.37936,0.19221,0.41783,0.40005,0.33496,0.14211,2.02806,2.39632,1.74021,0.0056,0,0.0011241,0.0011241,0.0011241
33,366.028,2.17813,2.39286,2.02191,0.00553,1.16715,0.44987,0.38759,0.36086,0.16886,0.46602,0.32916,0.31088,0.14494,2.17933,2.47897,1.74726,0.00592,0,0.00111616,0.00111616,0.00111616
34,376.297,1.99697,2.12121,1.89885,0.00519,1.13821,0.70624,0.25328,0.34663,0.17415,0.3307,0.35689,0.32676,0.13756,2.08327,2.40139,1.78164,0.00573,0,0.00110801,0.00110801,0.00110801
35,386.769,2.11683,2.34633,1.94878,0.00512,1.09122,0.48424,0.37284,0.36308,0.17982,0.43489,0.37503,0.36058,0.16738,2.00246,2.26322,1.73797,0.00567,0,0.00109964,0.00109964,0.00109964
36,397.083,2.02805,2.2193,1.85398,0.00514,1.07085,0.36776,0.33333,0.3663,0.18923,0.35529,0.36425,0.33164,0.15378,2.05478,2.39586,1.662,0.00561,0,0.00109107,0.00109107,0.00109107
37,407.042,2.06128,2.30539,1.89272,0.0049,1.12862,0.41772,0.37824,0.39275,0.20635,0.42154,0.34634,0.36143,0.15628,2.05342,2.32081,1.66109,0.00575,0,0.0010823,0.0010823,0.0010823
38,417.614,2.01415,2.28476,1.81853,0.0051,1.10912,0.47086,0.38409,0.39269,0.19621,0.41985,0.37781,0.35879,0.15859,2.10203,2.52292,1.63123,0.00611,0,0.00107333,0.00107333,0.00107333
39,427.639,1.98265,2.2241,1.73816,0.00466,1.06074,0.48784,0.35271,0.38162,0.18267,0.50826,0.35684,0.39911,0.18341,2.17245,2.44884,1.71374,0.00614,0,0.00106417,0.00106417,0.00106417
40,438.084,1.99416,2.14123,1.81277,0.005,1.04994,0.37852,0.3926,0.38752,0.20549,0.41189,0.38407,0.36343,0.16042,1.99165,2.48199,1.6598,0.00548,0,0.00105481,0.00105481,0.00105481
41,448.279,2.00785,2.22022,1.81498,0.005,1.08469,0.47926,0.42076,0.43899,0.21696,0.43504,0.34108,0.35215,0.15886,2.01927,2.36815,1.67963,0.00556,0,0.00104527,0.00104527,0.00104527
42,458.65,2.06545,2.40904,1.82231,0.00481,1.06159,0.41439,0.48506,0.44734,0.22076,0.45338,0.29648,0.33875,0.1397,2.00671,2.2768,1.67849,0.00541,0,0.00103555,0.00103555,0.00103555
43,468.773,1.90941,2.23911,1.71519,0.005,0.98753,0.37811,0.43601,0.41028,0.20907,0.33991,0.3723,0.35164,0.16788,2.04539,2.28243,1.68332,0.00588,0,0.00102566,0.00102566,0.00102566
44,479.038,2.00752,2.15138,1.69965,0.00503,0.98587,0.43903,0.37945,0.38394,0.19612,0.36849,0.33499,0.31916,0.12769,2.07496,2.36895,1.72695,0.00564,0,0.00101559,0.00101559,0.00101559
45,489.302,2.02973,2.20157,1.72445,0.00492,1.05146,0.44512,0.45156,0.4314,0.20972,0.41617,0.35768,0.33286,0.1382,2.038,2.34977,1.64029,0.00561,0,0.00100535,0.00100535,0.00100535
46,504.49,2.05026,2.36425,1.84773,0.00545,1.11628,0.47449,0.48191,0.4399,0.22003,0.38585,0.3812,0.33629,0.14166,2.00087,2.48947,1.609,0.00545,0,0.000994942,0.000994942,0.000994942
47,515.921,1.89213,2.09549,1.6637,0.00473,0.96931,0.52433,0.43559,0.43612,0.23688,0.42444,0.36508,0.33608,0.15311,2.00126,2.42431,1.56673,0.00541,0,0.000984379,0.000984379,0.000984379
48,526.281,1.97221,2.24011,1.72222,0.00464,1.02354,0.46209,0.40723,0.435,0.2296,0.38198,0.34158,0.35116,0.14607,2.00036,2.34574,1.57275,0.00542,0,0.000973661,0.000973661,0.000973661
49,536.202,1.98069,2.17931,1.69898,0.00468,1.02372,0.45394,0.46279,0.4449,0.23547,0.37493,0.36757,0.33004,0.13898,1.99988,2.26141,1.57751,0.00547,0,0.000962793,0.000962793,0.000962793
50,546.753,1.94806,2.16296,1.64774,0.00505,1.0438,0.47466,0.42563,0.4173,0.21234,0.34659,0.41946,0.33553,0.15212,2.05322,2.12034,1.64407,0.00572,0,0.000951779,0.000951779,0.000951779
51,557.357,1.96867,2.25983,1.71222,0.0045,1.06275,0.58281,0.38833,0.45125,0.24101,0.55402,0.34692,0.37978,0.17119,2.01671,2.12892,1.54445,0.00572,0,0.000940625,0.000940625,0.000940625
52,572.521,1.97645,2.19587,1.65831,0.00473,1.05343,0.51055,0.39542,0.42522,0.22261,0.48316,0.34868,0.39656,0.18419,2.00073,2.22268,1.64398,0.00546,0,0.000929335,0.000929335,0.000929335
53,590.472,1.95872,2.06294,1.63732,0.00477,1.0375,0.59135,0.3954,0.44402,0.22819,0.51926,0.31201,0.35901,0.16598,1.98695,2.25626,1.54061,0.0055,0,0.000917914,0.000917914,0.000917914
54,609.878,1.84794,2.01053,1.60114,0.0047,1.03334,0.61294,0.36423,0.4152,0.21623,0.47882,0.3252,0.36201,0.15213,2.03861,2.09856,1.5632,0.00562,0,0.000906368,0.000906368,0.000906368
55,629.224,1.94533,2.04659,1.54392,0.00457,0.90853,0.59781,0.39459,0.43324,0.23806,0.53,0.37415,0.38768,0.16887,2.00081,2.06435,1.53358,0.0052,0,0.000894701,0.000894701,0.000894701
56,648.456,1.93184,2.06562,1.60247,0.00455,0.9487,0.55872,0.39486,0.48428,0.25307,0.48695,0.33416,0.37479,0.16064,1.9578,2.09016,1.52337,0.00523,0,0.000882918,0.000882918,0.000882918
57,667.995,1.93517,2.07362,1.58294,0.00439,1.01155,0.50259,0.46469,0.44138,0.23877,0.45867,0.41356,0.40058,0.18189,2.00378,2.16031,1.55414,0.00537,0,0.000871025,0.000871025,0.000871025
58,686.948,1.93309,2.12074,1.56469,0.00474,0.95384,0.48273,0.44791,0.43668,0.23752,0.45773,0.32026,0.35421,0.16683,2.00007,2.14868,1.5245,0.00522,0,0.000859027,0.000859027,0.000859027
59,697.915,1.95383,2.21474,1.63014,0.00489,0.94962,0.49564,0.44776,0.46376,0.25379,0.4315,0.35458,0.35316,0.14459,2.0219,2.19151,1.51874,0.00527,0,0.000846929,0.000846929,0.000846929
60,708.188,1.88085,2.10482,1.64098,0.00468,0.85936,0.52371,0.44614,0.46017,0.24989,0.4257,0.44466,0.39656,0.17387,2.03369,2.1786,1.50333,0.00553,0,0.000834736,0.000834736,0.000834736
61,718.617,1.84032,2.02967,1.52451,0.0046,0.81715,0.44615,0.48593,0.46882,0.25415,0.37274,0.4167,0.36998,0.16752,2.00305,2.18401,1.45799,0.00537,0,0.000822454,0.000822454,0.000822454
62,729.109,1.88134,2.10041,1.51186,0.00454,0.81971,0.43081,0.50234,0.46795,0.25599,0.5411,0.29982,0.35003,0.15354,1.98683,2.21128,1.40964,0.00531,0,0.000810088,0.000810088,0.000810088
63,739.235,1.96209,2.21548,1.5741,0.00461,0.82524,0.42895,0.50253,0.4424,0.24297,0.37922,0.45355,0.36609,0.15434,1.94186,2.17618,1.49353,0.00498,0,0.000797644,0.000797644,0.000797644
64,749.646,1.85392,1.97541,1.47221,0.00449,0.75846,0.60173,0.41894,0.47491,0.24029,0.49074,0.33185,0.35738,0.1472,1.94961,2.1466,1.52502,0.00503,0,0.000785127,0.000785127,0.000785127
65,760.116,1.82578,1.95617,1.4318,0.00434,0.78884,0.52907,0.41409,0.46448,0.25542,0.47983,0.32451,0.35518,0.15314,1.94682,2.07045,1.53011,0.00517,0,0.000772542,0.000772542,0.000772542
66,770.337,1.92848,2.05284,1.5496,0.00435,0.8246,0.45312,0.54771,0.48129,0.2542,0.43087,0.36006,0.3666,0.14462,2.00602,2.12838,1.62917,0.00528,0,0.000759895,0.000759895,0.000759895
67,781.112,1.94161,2.10911,1.55796,0.00406,0.77303,0.57883,0.52452,0.52525,0.28693,0.47254,0.39856,0.40391,0.17066,1.9363,2.12463,1.43799,0.00502,0,0.000747192,0.000747192,0.000747192
68,796.998,1.90212,1.98994,1.51833,0.00417,0.71427,0.54972,0.48167,0.51811,0.26375,0.41662,0.37831,0.38307,0.15728,1.92302,2.09406,1.47229,0.00525,0,0.000734438,0.000734438,0.000734438
69,814.745,1.85758,1.96603,1.42492,0.00407,0.72304,0.59011,0.49259,0.51176,0.26597,0.50858,0.41212,0.40095,0.17183,1.8969,2.15933,1.50454,0.005,0,0.000721639,0.000721639,0.000721639
70,832.546,1.79049,1.93355,1.48736,0.00438,0.77114,0.57947,0.4847,0.5056,0.27052,0.45763,0.38978,0.37938,0.16007,1.91679,2.23661,1.43083,0.00509,0,0.0007088,0.0007088,0.0007088
71,850.821,1.82848,1.97651,1.47283,0.00414,0.75793,0.50508,0.52219,0.50711,0.28172,0.45031,0.46005,0.41345,0.1821,1.94794,2.17208,1.43217,0.00516,0,0.000695927,0.000695927,0.000695927
72,863.792,1.85995,1.99658,1.51794,0.00423,0.7497,0.48631,0.51044,0.49882,0.25766,0.40645,0.42008,0.37628,0.16712,2.00105,2.16606,1.43948,0.0054,0,0.000683026,0.000683026,0.000683026
73,874.918,1.86848,1.95327,1.48271,0.00448,0.84877,0.49536,0.49898,0.48062,0.25747,0.57173,0.35242,0.39709,0.17804,1.9968,2.06846,1.42388,0.00523,0,0.000670102,0.000670102,0.000670102
74,886.071,1.87321,2.12796,1.49483,0.00459,0.74683,0.54551,0.48457,0.49138,0.28111,0.49058,0.35824,0.37801,0.17411,1.9172,2.14337,1.38896,0.00508,0,0.000657161,0.000657161,0.000657161
75,897.287,1.90753,2.00661,1.49585,0.00471,0.75901,0.59848,0.50035,0.5142,0.26869,0.4396,0.43098,0.40652,0.18876,1.98348,2.07932,1.42901,0.00547,0,0.000644208,0.000644208,0.000644208
76,907.723,1.84346,2.07985,1.53052,0.00443,0.76456,0.52664,0.49603,0.51344,0.27122,0.57432,0.3418,0.39959,0.18436,1.96767,2.0837,1.43404,0.00527,0,0.00063125,0.00063125,0.00063125
77,917.956,1.84187,1.91627,1.46137,0.00433,0.70805,0.57992,0.45026,0.48872,0.26735,0.38669,0.42462,0.38796,0.1818,1.93749,2.06814,1.42918,0.00523,0,0.000618292,0.000618292,0.000618292
78,931.073,1.87012,1.98212,1.49935,0.00481,0.74899,0.49863,0.47257,0.48445,0.26512,0.36278,0.46827,0.37644,0.17537,1.92884,2.03578,1.43161,0.00498,0,0.000605339,0.000605339,0.000605339
79,942.201,1.78094,1.85134,1.33902,0.00409,0.67363,0.54859,0.51086,0.52702,0.28873,0.43645,0.44306,0.39568,0.17487,1.94735,2.03295,1.36534,0.00516,0,0.000592398,0.000592398,0.000592398
80,957.527,1.82146,2.03121,1.43465,0.00417,0.69597,0.509,0.51539,0.50052,0.26998,0.3995,0.45762,0.39367,0.17499,1.94472,2.11316,1.37785,0.00519,0,0.000579474,0.000579474,0.000579474
81,975.826,1.81352,1.94463,1.40734,0.00414,0.67952,0.63677,0.51988,0.53329,0.27982,0.50584,0.41017,0.4053,0.17711,1.92948,1.99856,1.42289,0.00499,0,0.000566573,0.000566573,0.000566573
82,993.648,1.82678,1.95984,1.42189,0.00405,0.664,0.62213,0.4967,0.53419,0.28605,0.40409,0.49892,0.42428,0.18635,1.93733,1.94355,1.35044,0.00504,0,0.0005537,0.0005537,0.0005537
83,1011.43,1.84521,1.96755,1.40311,0.00421,0.7191,0.59423,0.52475,0.53277,0.28978,0.47346,0.48094,0.45429,0.20958,1.90966,2.12217,1.34918,0.00489,0,0.000540861,0.000540861,0.000540861
84,1029.4,1.82044,2.00077,1.3992,0.00421,0.74171,0.53848,0.5546,0.53089,0.28483,0.46114,0.45236,0.42853,0.18936,1.95303,1.9934,1.35642,0.00502,0,0.000528062,0.000528062,0.000528062
85,1046.67,1.77946,1.93408,1.37717,0.00423,0.6509,0.66557,0.53994,0.55591,0.28396,0.55993,0.43366,0.43252,0.2062,1.93308,1.93879,1.33583,0.00502,0,0.000515308,0.000515308,0.000515308
86,1065.24,1.74588,1.99611,1.36992,0.00425,0.6569,0.59627,0.54001,0.55478,0.30886,0.53151,0.36715,0.40983,0.19084,1.89412,2.02313,1.35637,0.00495,0,0.000502605,0.000502605,0.000502605
87,1084.06,1.77626,2.00383,1.40713,0.00411,0.72552,0.55461,0.54931,0.54085,0.30402,0.47356,0.46771,0.43924,0.21153,1.88438,1.95928,1.38998,0.00497,0,0.000489958,0.000489958,0.000489958
88,1101.93,1.81903,2.04706,1.40894,0.00393,0.69191,0.55872,0.56038,0.54006,0.3057,0.47011,0.48058,0.4438,0.22252,1.88642,1.94941,1.37366,0.005,0,0.000477373,0.000477373,0.000477373
89,1120.01,1.76396,1.95195,1.3492,0.00381,0.65254,0.57183,0.5366,0.54585,0.28742,0.51533,0.39538,0.41303,0.18622,1.92625,1.94533,1.37688,0.00509,0,0.000464856,0.000464856,0.000464856
90,1137.75,1.83332,1.9463,1.35806,0.00396,0.73054,0.55916,0.5375,0.52554,0.28788,0.50131,0.45175,0.43811,0.20543,1.8919,1.90936,1.35185,0.00497,0,0.000452412,0.000452412,0.000452412
91,1155.61,1.83254,1.95508,1.37434,0.00421,0.64034,0.51382,0.53494,0.51205,0.29469,0.42802,0.46432,0.42176,0.18237,1.87473,1.94945,1.33675,0.00484,0,0.000440046,0.000440046,0.000440046
92,1173.87,1.80722,1.90747,1.35784,0.00414,0.62687,0.62568,0.51423,0.54543,0.29776,0.52418,0.41948,0.45677,0.2143,1.8768,1.95123,1.34368,0.00478,0,0.000427764,0.000427764,0.000427764
93,1191.5,1.76692,1.91273,1.33621,0.00416,0.6783,0.58648,0.54806,0.54382,0.29761,0.47029,0.47097,0.44334,0.19828,1.9128,1.91409,1.31096,0.00492,0,0.000415571,0.000415571,0.000415571
94,1210.03,1.7998,1.92441,1.36145,0.00446,0.69464,0.55516,0.57025,0.55135,0.29617,0.39915,0.47679,0.41905,0.18175,1.91011,1.90405,1.30397,0.00488,0,0.000403473,0.000403473,0.000403473
95,1227.01,1.8123,1.97373,1.37031,0.00404,0.64019,0.56942,0.52769,0.55389,0.30723,0.52505,0.38527,0.40465,0.16937,1.91001,1.93127,1.32745,0.00519,0,0.000391475,0.000391475,0.000391475
96,1238.64,1.72077,1.86995,1.29967,0.00396,0.67021,0.62841,0.49863,0.55442,0.30398,0.60353,0.39284,0.46073,0.20473,1.90475,1.84358,1.34579,0.00508,0,0.000379582,0.000379582,0.000379582
97,1248.79,1.80992,1.98143,1.34057,0.00394,0.65111,0.57355,0.54909,0.55968,0.30697,0.56469,0.41611,0.45586,0.19534,1.86574,1.87947,1.31639,0.00499,0,0.000367799,0.000367799,0.000367799
98,1259.15,1.69412,1.84996,1.36512,0.0041,0.61068,0.57086,0.53095,0.53393,0.29853,0.55588,0.42916,0.4635,0.20463,1.89617,1.87142,1.3487,0.00495,0,0.000356132,0.000356132,0.000356132
99,1275.55,1.77547,1.8947,1.34344,0.00397,0.68885,0.6013,0.52298,0.53793,0.30753,0.53827,0.48688,0.48893,0.24019,1.87326,1.85542,1.32348,0.00475,0,0.000344586,0.000344586,0.000344586
100,1295.14,1.72872,1.83162,1.3002,0.00382,0.59901,0.62834,0.52314,0.55603,0.31148,0.58471,0.42025,0.46115,0.21028,1.87968,1.90231,1.34172,0.00476,0,0.000333165,0.000333165,0.000333165
101,1308.15,1.74536,1.81352,1.29213,0.00402,0.62386,0.62238,0.54441,0.56618,0.31178,0.56759,0.48716,0.48758,0.22572,1.84066,1.9515,1.35053,0.00465,0,0.000321875,0.000321875,0.000321875
102,1319.67,1.73532,1.83353,1.28122,0.00404,0.61935,0.60383,0.57157,0.5647,0.30715,0.51237,0.48138,0.45596,0.20648,1.85874,1.88274,1.33914,0.00467,0,0.000310721,0.000310721,0.000310721
103,1329.95,1.72088,1.90136,1.31772,0.0041,0.62271,0.60728,0.5502,0.55357,0.30666,0.49017,0.50146,0.45005,0.19976,1.87173,1.90809,1.33529,0.00479,0,0.000299707,0.000299707,0.000299707
104,1340.29,1.72239,1.77647,1.26836,0.0037,0.61684,0.62576,0.55671,0.55693,0.30939,0.54543,0.46999,0.44337,0.19469,1.85369,1.92634,1.33374,0.0047,0,0.000288839,0.000288839,0.000288839
105,1350.97,1.66995,1.73077,1.30073,0.00383,0.62967,0.61817,0.58115,0.57176,0.31674,0.54107,0.50287,0.47742,0.21286,1.81424,1.90446,1.30663,0.00462,0,0.000278121,0.000278121,0.000278121
106,1369.73,1.79362,1.87703,1.32402,0.00392,0.64774,0.64044,0.56981,0.56694,0.32428,0.56255,0.49322,0.47792,0.21315,1.82239,1.94226,1.30314,0.0047,0,0.000267558,0.000267558,0.000267558
107,1387.84,1.62646,1.71109,1.1974,0.00376,0.56863,0.6483,0.5701,0.56388,0.3055,0.56098,0.48019,0.46124,0.22281,1.86998,1.88554,1.31331,0.00488,0,0.000257154,0.000257154,0.000257154
108,1405.46,1.7048,1.76013,1.25549,0.00373,0.60455,0.61431,0.56882,0.57778,0.31837,0.51794,0.46658,0.44369,0.19542,1.85132,1.89104,1.3152,0.00479,0,0.000246915,0.000246915,0.000246915
109,1423,1.75817,1.78703,1.26076,0.00394,0.61339,0.58961,0.55337,0.57253,0.31799,0.49487,0.45613,0.425,0.19507,1.85536,1.90251,1.32158,0.00483,0,0.000236844,0.000236844,0.000236844
110,1440.53,1.70498,1.78601,1.23553,0.00387,0.53773,0.58162,0.58626,0.57081,0.3173,0.46599,0.468,0.4365,0.19314,1.86919,1.93323,1.31033,0.00482,0,0.000226946,0.000226946,0.000226946
111,1457.66,1.76565,1.7998,1.33802,0.00415,0.65356,0.60572,0.55993,0.57498,0.3253,0.49443,0.47714,0.44558,0.20352,1.86025,1.90413,1.2999,0.00486,0,0.000217225,0.000217225,0.000217225
112,1474.99,1.65939,1.75495,1.19012,0.00385,0.51935,0.63082,0.54024,0.55824,0.32034,0.53463,0.45607,0.44905,0.20515,1.85226,1.95745,1.3155,0.00486,0,0.000207686,0.000207686,0.000207686
113,1492.96,1.63044,1.77849,1.23167,0.00387,0.58625,0.62732,0.56901,0.55584,0.31215,0.52882,0.48932,0.44008,0.20476,1.87544,1.93427,1.32945,0.00485,0,0.000198333,0.000198333,0.000198333
114,1510.41,1.67994,1.74821,1.2439,0.00376,0.62199,0.66283,0.54549,0.56648,0.32156,0.46995,0.50809,0.43639,0.20055,1.84667,1.9134,1.31813,0.00471,0,0.00018917,0.00018917,0.00018917
115,1521,1.613,1.67591,1.2261,0.00386,0.58527,0.63871,0.53738,0.54881,0.31445,0.46728,0.45995,0.43496,0.21062,1.85099,1.90277,1.30699,0.00471,0,0.000180201,0.000180201,0.000180201
116,1535.56,1.65183,1.83192,1.24793,0.00363,0.65335,0.74236,0.53193,0.57709,0.32219,0.48389,0.49301,0.45065,0.21,1.8688,1.90284,1.30522,0.00471,0,0.000171429,0.000171429,0.000171429
117,1554.88,1.73257,1.81069,1.26468,0.00398,0.62848,0.71806,0.54854,0.57751,0.32334,0.52892,0.51978,0.46223,0.21603,1.86058,1.9354,1.30964,0.00476,0,0.000162859,0.000162859,0.000162859
118,1573.42,1.70409,1.80695,1.23336,0.00371,0.5705,0.73208,0.5387,0.58408,0.32888,0.48633,0.48492,0.4571,0.21387,1.84145,1.93162,1.28245,0.00475,0,0.000154495,0.000154495,0.000154495
119,1592.54,1.67357,1.84245,1.19464,0.00368,0.5412,0.67165,0.54985,0.58011,0.32587,0.5838,0.48815,0.48129,0.22341,1.84158,1.93467,1.29892,0.0047,0,0.00014634,0.00014634,0.00014634
120,1610.03,1.64306,1.71014,1.27385,0.00384,0.62007,0.67965,0.55277,0.57647,0.32251,0.60772,0.47166,0.47308,0.22306,1.84554,1.93948,1.31792,0.00463,0,0.000138397,0.000138397,0.000138397
121,1627.37,1.70784,1.84323,1.26994,0.00361,0.63069,0.62554,0.54854,0.56345,0.32107,0.55622,0.47367,0.46621,0.21977,1.83116,1.90269,1.30508,0.00462,0,0.000130671,0.000130671,0.000130671
122,1645.22,1.74387,1.88955,1.29056,0.00391,0.60354,0.6599,0.55193,0.56647,0.32725,0.57321,0.45664,0.44947,0.21022,1.82096,1.89124,1.31439,0.00465,0,0.000123164,0.000123164,0.000123164
123,1662.77,1.69472,1.76095,1.18542,0.00369,0.58387,0.66278,0.54683,0.56877,0.32274,0.57207,0.445,0.44428,0.20239,1.83816,1.8866,1.30624,0.00468,0,0.00011588,0.00011588,0.00011588
124,1681.19,1.6565,1.7285,1.20725,0.00369,0.55382,0.67165,0.54852,0.57514,0.32524,0.5515,0.45579,0.4461,0.20752,1.84373,1.91953,1.29256,0.00475,0,0.000108822,0.000108822,0.000108822
125,1698,1.64366,1.71714,1.23339,0.00382,0.53242,0.69404,0.54283,0.57405,0.3228,0.56341,0.45184,0.44542,0.20605,1.83998,1.90899,1.29822,0.00478,0,0.000101993,0.000101993,0.000101993
126,1716.11,1.72766,1.75408,1.22866,0.00374,0.59759,0.62736,0.55822,0.56274,0.32159,0.53963,0.47029,0.44117,0.19137,1.84588,1.89504,1.31095,0.00471,0,9.53968e-05,9.53968e-05,9.53968e-05
127,1734.44,1.65547,1.7408,1.22726,0.00373,0.61081,0.64438,0.53636,0.56453,0.31397,0.55735,0.46034,0.44856,0.20246,1.85596,1.90727,1.31366,0.0047,0,8.90352e-05,8.90352e-05,8.90352e-05
128,1745.5,1.70456,1.79958,1.28123,0.00391,0.6021,0.66008,0.54149,0.56369,0.31307,0.577,0.46174,0.44684,0.20505,1.84516,1.9096,1.32521,0.00468,0,8.29115e-05,8.29115e-05,8.29115e-05
129,1759.79,1.68407,1.80421,1.19341,0.00347,0.53516,0.66044,0.55676,0.57311,0.31748,0.56519,0.48169,0.45826,0.21191,1.83585,1.90784,1.31367,0.00464,0,7.70283e-05,7.70283e-05,7.70283e-05
130,1777.42,1.70028,1.8301,1.25234,0.00387,0.61129,0.65583,0.56672,0.58086,0.31766,0.57166,0.48334,0.4591,0.21407,1.82917,1.91529,1.30993,0.00461,0,7.13883e-05,7.13883e-05,7.13883e-05
131,1795.13,1.67724,1.7808,1.20524,0.00376,0.55732,0.6462,0.54798,0.56014,0.31384,0.58001,0.4817,0.45529,0.21203,1.8278,1.91166,1.30273,0.00465,0,6.59937e-05,6.59937e-05,6.59937e-05
132,1813.78,1.71523,1.8595,1.27009,0.00414,0.58374,0.63933,0.54004,0.55813,0.31249,0.58606,0.47621,0.46193,0.20663,1.8148,1.91793,1.31337,0.00464,0,6.08472e-05,6.08472e-05,6.08472e-05
133,1831.87,1.70129,1.72501,1.24213,0.0039,0.58626,0.66777,0.55132,0.58083,0.31776,0.59188,0.46997,0.45321,0.20248,1.81931,1.92335,1.3006,0.00463,0,5.59508e-05,5.59508e-05,5.59508e-05
134,1843.86,1.65122,1.69755,1.22154,0.0038,0.57205,0.67411,0.54441,0.57725,0.32243,0.57824,0.45831,0.44296,0.20369,1.80503,1.91713,1.3176,0.00459,0,5.13068e-05,5.13068e-05,5.13068e-05
135,1857.67,1.67017,1.74978,1.21686,0.00373,0.62021,0.66979,0.54496,0.57818,0.32442,0.56026,0.48954,0.4618,0.20571,1.80071,1.91107,1.32205,0.00457,0,4.69171e-05,4.69171e-05,4.69171e-05
136,1875.32,1.67953,1.69692,1.18952,0.00354,0.57891,0.65997,0.52565,0.55671,0.31826,0.54043,0.47654,0.44978,0.20462,1.82152,1.88417,1.30037,0.00462,0,4.27838e-05,4.27838e-05,4.27838e-05
137,1893.18,1.6147,1.75516,1.19216,0.00368,0.54801,0.65511,0.53267,0.55675,0.31683,0.57276,0.45722,0.45064,0.20305,1.82217,1.88343,1.30793,0.00464,0,3.89086e-05,3.89086e-05,3.89086e-05
138,1910.45,1.77816,1.93521,1.36116,0.00392,0.62934,0.64327,0.53097,0.55708,0.31869,0.56,0.45211,0.4326,0.19377,1.82485,1.88486,1.30866,0.00462,0,3.52932e-05,3.52932e-05,3.52932e-05
139,1928.07,1.67978,1.7406,1.19827,0.0038,0.54197,0.65684,0.5287,0.56328,0.31725,0.58907,0.45976,0.44944,0.19567,1.82702,1.87508,1.30926,0.00462,0,3.19392e-05,3.19392e-05,3.19392e-05
140,1942.71,1.69188,1.67627,1.22293,0.00357,0.55598,0.67394,0.53153,0.56163,0.31288,0.6053,0.46486,0.45698,0.20535,1.82464,1.88007,1.30524,0.00464,0,2.88481e-05,2.88481e-05,2.88481e-05
141,1980.09,1.63141,1.60969,1.20043,0.00406,0.38765,0.64118,0.55513,0.57104,0.30797,0.54516,0.49719,0.4458,0.20318,1.85722,1.95697,1.34162,0.00477,0,2.60212e-05,2.60212e-05,2.60212e-05
142,1989.99,1.63581,1.56339,1.13771,0.00394,0.39904,0.59684,0.54643,0.56699,0.30023,0.56807,0.43559,0.43401,0.19391,1.89258,2.04194,1.36854,0.00495,0,2.34598e-05,2.34598e-05,2.34598e-05
143,2000.4,1.59511,1.49015,1.12554,0.00385,0.35787,0.66752,0.51194,0.56205,0.30068,0.58174,0.43479,0.42969,0.19455,1.89749,2.08595,1.38892,0.00501,0,2.1165e-05,2.1165e-05,2.1165e-05
144,2010.68,1.58697,1.54168,1.12041,0.00376,0.36031,0.66858,0.51278,0.56131,0.29703,0.56054,0.42305,0.40921,0.18457,1.91681,2.1076,1.37477,0.00506,0,1.91377e-05,1.91377e-05,1.91377e-05
145,2020.73,1.5996,1.40373,1.11895,0.00389,0.3156,0.59305,0.52972,0.55838,0.29689,0.5319,0.42344,0.40922,0.18436,1.91507,2.11813,1.3807,0.00505,0,1.7379e-05,1.7379e-05,1.7379e-05
146,2030.7,1.56635,1.61519,1.10828,0.00389,0.31877,0.5892,0.53361,0.56221,0.29621,0.48302,0.42545,0.39327,0.17543,1.92342,2.11449,1.3587,0.00504,0,1.58896e-05,1.58896e-05,1.58896e-05
147,2040.59,1.52827,1.52378,1.09654,0.00384,0.3538,0.60027,0.5358,0.56389,0.29865,0.4955,0.4314,0.39602,0.17566,1.92132,2.10698,1.35695,0.00501,0,1.467e-05,1.467e-05,1.467e-05
148,2050.56,1.62301,1.59232,1.09049,0.00379,0.37465,0.59563,0.54775,0.56149,0.29859,0.49224,0.4419,0.39306,0.17439,1.91487,2.10567,1.35571,0.00501,0,1.3721e-05,1.3721e-05,1.3721e-05
149,2060.41,1.58278,1.64061,1.07627,0.0038,0.33593,0.58495,0.54252,0.56003,0.30046,0.48624,0.4419,0.39377,0.17619,1.90358,2.1022,1.36186,0.00496,0,1.30427e-05,1.30427e-05,1.30427e-05
